Name,Price,URL,Delivery Date,Sponsored,Rating,Number of Ratings,Units Sold
"Outdoor Patio Furniture Set 4-Piece Waterproof Weaving Rope Outdoor Sofa Set with Powder-Coated Iron Conversation Bistro Set for Balcony,Lawn,Garden,Couch,Terrace,Backyard - 31 Inch,48 Inch","₹33,999",https://www.amazon.in/dp/B0DHPCB7LJ,12 - 14 Jan,Yes,5.0,4,N/A
"BRISHI 5-Piece Outdoor Rattan Wicker Patio Coffee Table Set | Garden Furniture for Balcony, Terrace, Porch & Poolside | Weather-Resistant Bistro Sets for Home & Backyard (Brown)","₹11,499",https://www.amazon.in/dp/B09T8TM6D1,"Wed, 21 Jan",Yes,4.4,616,N/A
"BRISHI Rattan & Wicker Garden Patio Seating Chair And Table Set Outdoor Balcony Garden Coffee Table Set Furniture And 2 Chairs 1 Table Set With Cushion (Light Brown), 64 Centimeters, 70 CM, 67 CM","₹15,899",https://www.amazon.in/dp/B0CFKYNRLP,"Wed, 21 Jan",Yes,4.6,183,N/A
"DEVOKO Outdoor Rope Patio Set with Glass Top Table & Water Resistant Cushions for Garden, Deck, Lawn, Poolside (Beige & Off-White), 76 cm, 70 cm, 62 cm","₹13,998",https://www.amazon.in/dp/B0FC2PZ3TL,13 - 15 Jan,Yes,4.6,41,N/A
"Oslen Metal (Pack of 2 Self-Adhesive Shelf/Storage Organizer for Bathroom and Kitchen Corner Wall Mounted Rack Shelf Bathroom Accessories Storage Rack (No Drilling-Shelf Adhesive) (8 and 9 INCH,Black)",₹299,https://www.amazon.in/Oslen-Self-Adhesive-Organizer-Accessories-Drilling-Shelf/dp/B0DY1XYMYW/ref=sr_1_5,"Fri, 2 Jan",No,3.9,2,N/A
"DECOWORLD|| Premium Side Table || Metal Side Table with Wooden Top || End Table for Living Room, Sofa C Type Table or Bed Side Stand (Golden)","₹1,849",https://www.amazon.in/DECOWORLD-Premium-Wooden-Living-Golden/dp/B0C51XTT8D/ref=sr_1_6,"Sat, 3 Jan",No,4.1,647,N/A
"Amazon Brand - Umi Metal Multi-Purpose Wall Mount Floating Shelf Wall Mounted Storage Shelves for Kitchen, Bathroom, Bedroom, Office (Medium, Black)",₹529,https://www.amazon.in/Amazon-Brand-Multi-Purpose-Floating-Bathroom/dp/B0B4B3448L/ref=sr_1_7,"Sat, 3 Jan",No,4.3,1,N/A
"TARKAN 4-Tier Mesh Metal Kitchen Trolley with Wheels, Storage Organizer Rack (Black)","₹1,499",https://www.amazon.in/TARKAN-Kitchen-Trolley-Storage-Organizer/dp/B0DG95WG8H/ref=sr_1_8,"Fri, 2 Jan",No,3.4,129,N/A
"Round Coffee Table End Table Metal Sofa Side Tables, Small Creative Bedside Corner Table for Living Room Balcony Bedroom Nightstand Home Décor Furniture (Gold White)","₹1,649",https://www.amazon.in/WellHouze-Creative-Bedside-Nightstand-Furniture/dp/B0DRYH4K4C/ref=sr_1_9,"Fri, 9 Jan",No,4.1,60,N/A
Metal (Pack of 2 Self-Adhesive Shelf/Storage Organizer for Bathroom and Corner Wall Mounted Rack Shelf Bathroom Accessories Storage Rack (No Drilling-Shelf Adhesive) (Black Style 1),₹249,https://www.amazon.in/BASEVEL-Self-Adhesive-Organizer-Accessories-Drilling-Shelf/dp/B0FYG6PLNK/ref=sr_1_10,"Fri, 2 Jan",No,4.5,55,N/A
"EDNITA Mini Laptop Stand for Desk | Portable Metal PC Desk Stand, Aluminium Cooling Pad Mini Clip Compatible with MacBook Apple Laptop, Lenovo, Dell, Hp, Acer & Other Laptops Pack of-2 (Silver)",₹197,https://www.amazon.in/EDNITA-Portable-Aluminium-Cooling-Compatible/dp/B0D7Z944C7/ref=sr_1_11,"Fri, 2 Jan",No,4.3,1,N/A
Small Metal Caster Wheels 4 Pcs for Door Side Mount Wheels L Shaped Guide Caster for Furniture Closet Doors Cabinet Doors Barn Doors Patio Doors Office Partition Doors (with 16 screws),₹359,https://www.amazon.in/Caster-Wheels-Furniture-Cabinet-Partition/dp/B0FJRVPZQ3/ref=sr_1_12,"Sun, 4 Jan",No,4.0,16,N/A
"UHUD CRAFTS Wall Shelf for Living Room, Metallic Gold White Wall Mounted Shelves, Home Decor Items for Living Room/Bedroom, Set of 2",₹449,https://www.amazon.in/UHUD-CRAFTS-Metallic-Mounted-Shelves/dp/B0BF7DNPYF/ref=sr_1_13,"Sat, 3 Jan",No,4.3,1,N/A
"Boniry Metal Bathroom Organiser Without Drill Bathroom Corner Shelf Adhesive Stand for Corner Rack for Bathroom, Shampoo Holder Multipurpose Bathroom Shelf (1 Pcs Corner)",₹259,https://www.amazon.in/Boniry-Bathroom-Corner-Shelf-Multipurpose/dp/B0D73CQQXC/ref=sr_1_14,"Fri, 2 Jan",No,3.8,1,N/A
"Oslen Metal Multipurpose Bathroom/Kitchen Corner Storage Organizer Wall Mounted Rack Shelf Shower Caddy (No Drilling - Shelf Adhesive) Bathroom Accessories Storage Rack (Black, Pack of 1)",₹289,https://www.amazon.in/Oslen-Multipurpose-Bathroom-Organizer-Drilling/dp/B0DNXSGRPY/ref=sr_1_15,"Fri, 2 Jan",No,3.7,576,N/A
"iSTAR Metal Wall Mounted Bathroom Shelves with Hooks | Self Adhesive Multipurpose Toiletries Organiser Racks | Rust Proof Shower Caddy for Skincare, Cosmetic, Bathroom, Kitchen, Living Room (Set of 4)",₹704,https://www.amazon.in/iSTAR-Bathroom-Multipurpose-Toiletries-Organiser/dp/B0FBWMHWJ4/ref=sr_1_16,"Sat, 3 Jan",No,4.4,49,N/A
"Wall-Mounted Corner Shower Shelf Rack – No-Drill Adhesive Bathroom Organizer Basket with Hooks, Rustproof Metal Storage for Toiletries & Accessories (Black)",₹199,https://www.amazon.in/Pathavi-Wall-Mounted-Corner-Shower-Shelf/dp/B0DZNPJ9ZR/ref=sr_1_17,"Thu, 8 Jan",No,4.0,110,N/A
Dime Store Set top Box Stand | WiFi Router Holder Wooden Wall Shelves | Setup Box Stand for Home | Wall Mount Stylish WiFi Router Holder TV Cabinet Living Room Furniture,₹258,https://www.amazon.in/Dime-Store-Engineered-Speakers-Streaming/dp/B091PY4S5H/ref=sr_1_18,"Fri, 2 Jan",No,4.0,8,N/A
"Serplex® 20Pcs Furniture Corner Connectors with 120Pcs Screws, Heavy Duty Stainless Steel Angle Corner Connectors Corner Brackets Metal Corner Braces for Wood Cabinets, Shelves, Furniture Assembly",₹478,https://www.amazon.in/Serplex%C2%AE-Furniture-Connectors-Stainless-Brackets/dp/B0DQTG1M7Z/ref=sr_1_19,"Sat, 3 Jan",No,3.9,129,N/A
"4Pcs Small Caster Wheel for Furniture, Heavy-Duty Metal Side Mount Wheels for Wooden Doors, Quiet & Smooth Rollers for Yard Fence (2.68 inches)",₹329,https://www.amazon.in/CoolShef-Caster-Furniture-Heavy-Duty-Rollers/dp/B0F1MVR4DM/ref=sr_1_20,"Sat, 3 Jan",No,3.8,33,N/A
"JIALTO Multipurpose Trolley with Wheels- Heavy Duty 3-Tier Utility Cart for Storage & Organization- Movable Rack for Home, Kitchen, Bathroom, Pantry- Durable Metal Frame with Lockable Wheels (Grey)","₹1,999",https://www.amazon.in/dp/B0CGLQ14DB,"Sun, 4 Jan",Yes,4.2,113,N/A
"Happer Plastic Premium Multipurpose Wall Mounted Storage Cabinet with Mirror, Prime Look (Black)",₹999,https://www.amazon.in/dp/B0DH89XCRX,"Sun, 4 Jan",Yes,4.2,10,N/A
"Garden Patio Seating Chair and Table Set Outdoor Balcony Garden Coffee Table Set Furniture with 1 Table and 4 Chairs Set (Black), Rattan, 22 Inch, 24 Inch, Inch","₹11,498",https://www.amazon.in/dp/B09GM8ZN1Y,"Wed, 21 Jan",Yes,4.5,2,N/A
"Patio Chair Sets Garden Wicker Furniture Set for Outdoor Patio and Balcony || Powder Coated Frame| UV Protected Wicker [2 Chair, 1 Table]","₹7,999",https://www.amazon.in/dp/B0CWYJ64DW,2 - 5 Jan,Yes,4.2,57,N/A
"HASTHIP® 4pcs Caster Wheel Self Adhesive Caster Wheel 360° Swivel Wheels for Furniture, Small Appliance, DIY Modification Moving Table Heavy Duty Caster Wheels 200Kg Loading Capacity, Black",₹362,https://www.amazon.in/HASTHIP%C2%AE-Adhesive-Furniture-Appliance-Modification/dp/B0CJZXGDFF/ref=sr_1_25,"Sun, 4 Jan",No,4.0,687,N/A
"Clyton Metal Pack of 2 Self Adhesive Shelf for Washroom Dressing/Livingroom Without Drilling Shelves Rack Holder Stand Storage Organiser Accessories(12x5 inches, Pack of 2,Matt Black)",₹749,https://www.amazon.in/Clyton-Adhesive-Livingroom-Organiser-Accessories/dp/B0FB9C5VN6/ref=sr_1_26,"Sun, 4 Jan",No,4.6,37,N/A
"C.S.M CSM Metal Coat Rack Hanger Stand, Single Pole, 12 Hook Stand, for Suits, Jacket, Blazer, Gown, Handbags, Umbrella. (12 Hooks, Black)",₹747,https://www.amazon.in/CSM-Hanger-Single-Handbags-Umbrella/dp/B09SBBP6LN/ref=sr_1_27,"Sat, 3 Jan",No,3.4,110,N/A
"Dulux Simply Refresh Spray Paint | DIY, Quick Drying Gloss Finish for Metal, Wooden Furniture, Plastic, Walls, Cars & Bikes – 400ML (Golden_Brown)",₹260,https://www.amazon.in/Dulux-Simply-Refresh-Drying-finish/dp/B09YVG8DT8/ref=sr_1_28,"Fri, 2 Jan",No,4.0,4,N/A
"Metal Universal Wall Mount Stand for WiFi Router, Set Top Box, Modem, Speakers Wall Holder for Home, Office & Living Room | Easy Installation with Screw Set Size 8 inch by 11 inch",₹299,https://www.amazon.in/SUPREME-COMMERCE-Universal-Speakers-Installation/dp/B0FFMV6ZLR/ref=sr_1_29,"Sat, 3 Jan",No,3.5,58,N/A
Boniry Metal Bathroom Organiser Without Drill Bathroom Rack Self Adhesive | Stand for Corner Shampoo Holder for Bathroom Accessories-Multipurpose Kitchen Holder Storage (Flower Corner),₹259,https://www.amazon.in/Boniry-Bathroom-Organiser-Corner-Accessories-Multipurpose/dp/B0D73F4YJC/ref=sr_1_30,"Fri, 2 Jan",No,3.8,1,N/A
"iSTAR Metal Multi-Purpose Wall Mount Floating Shelf Wall Mounted Storage Shelves for Kitchen, Bathroom, Bedroom, Office (Small, Black) (Pack of 2)",₹549,https://www.amazon.in/iSTAR-Multi-Purpose-Floating-Mounted-Bathroom/dp/B0CPV6X471/ref=sr_1_31,"Sat, 3 Jan",No,4.0,167,N/A
"Polyfix Rapid HV Glue for adhesion of MDF, Furniture, PVC/WPC board, Mica, Charcoal, Rubber, Ceramics, Metals, Plastics, Stone, Marble etc. - 125g",₹325,https://www.amazon.in/adhesion-Furniture-board-PVC-Charcoal-Ceramics/dp/B0CB4CVB29/ref=sr_1_32,"Sun, 4 Jan",No,4.4,1,N/A
"Dulux Simply Refresh Spray Paint | DIY, Quick Drying Gloss Finish for Metal, Wooden Furniture, Plastic, Walls, Cars & Bikes – 400ML (White)",₹260,https://www.amazon.in/Dulux-Simply-Refresh-Drying-finish/dp/B09YVGFFYG/ref=sr_1_33,"Fri, 2 Jan",No,4.0,4,N/A
JD FRESH 5 in 1 Self Adhesive Bathroom Shelf Combo/Bathroom Organiser Without Drill/Metal Rust-Proof Strong Adhesive Wall Shelves/Soap Holder with Tooth Brush Holder/Multipurpose Storage Rack (Black),₹849,https://www.amazon.in/JD-FRESH-Organiser-Rust-Proof-Multipurpose/dp/B0G4CNQ82L/ref=sr_1_34,"Sat, 3 Jan",No,4.5,20,N/A
Serplex® 4Pcs Rigid Caster for Heavy Door Robust Metal Caster Silent Screw Fixed 2.68 inches Long Heavy-Duty L Shaped Side Mount Wheels Wooden Door Drooping Rotating Pulley,₹434,https://www.amazon.in/Serplex%C2%AE-Caster-Robust-Heavy-Duty-Casters/dp/B0DKSM81V1/ref=sr_1_35,"Sat, 3 Jan",No,3.7,135,N/A
"Portronics My Buddy K9 Pro 2-in-1 Laptop & Phone Stand with 360° Rotating Base, Adjustable Height & Angle, Foldable Metal Design, Heat Dissipation, Universal Fit for 10–15.6” Laptops","₹1,199",https://www.amazon.in/Portronics-Rotating-Adjustable-Dissipation-Universal/dp/B0FF4VMVFN/ref=sr_1_36,"Fri, 2 Jan",No,4.3,282,N/A
"Metal Bathroom Organiser Without DrillBathroom Corner Shelf Adhesive Stand for Corner Rack forBathroom, Shampoo Holder forBathroom Accessories-Multipurpose(1 Pcs Corner) Black",₹269,https://www.amazon.in/RACKORA-Organiser-DrillBathroom-forBathroom-Accessories-Multipurpose/dp/B0DZ2W61G6/ref=sr_1_37,"Sat, 3 Jan",No,4.2,97,N/A
"20Pcs Corner Connectors,Stainless Steel Heavy Duty Furniture Corner Connector,2MM,Metal Corner Hardware Fittings,Suitable for Reinforcing Wooden Cabinets,Shelves,Tables,Chairs,Etc (with 120Pcs Screws)",₹399,https://www.amazon.in/Connectors-Stainless-Furniture-Connector-Reinforcing/dp/B0FVXNSJ1W/ref=sr_1_38,"Sun, 4 Jan",No,5.0,1,N/A
"SaleOn Bathroom Rack for Shampoo Organizer with Shelf Adhesive Set of 2 Bathroom Shelf Rack with 4 Hooks Wall Storage Organizer Metal Rack for Bathroom, Black",₹359,https://www.amazon.in/SaleOn-Bathroom-Shampoo-Organizer-Adhesive/dp/B0D98JR5TN/ref=sr_1_39,"Sat, 3 Jan",No,4.2,467,N/A
"Sulfar 1-Shelf Modern Metal Corner Shelf, No-Drill Adhesive Installation, Ventilated Design, Bathroom Triangle Corner Shelf",₹229,https://www.amazon.in/Sulfar-No-Drill-Adhesive-Installation-Ventilated/dp/B0DP36NJX9/ref=sr_1_40,"Fri, 2 Jan",No,3.5,20,N/A
Q1 Beads 8 Pcs. 38 mm x 38 mm /1.5 inches Bush for Metal Slotted Rack Leg(Black),₹199,https://www.amazon.in/Q1-Beads-inches-Metal-Slotted/dp/B0FKHLNZT5/ref=sr_1_41,"Sun, 4 Jan",No,4.7,4,N/A
"Q1 Beads 6 Pack Metal 2 x 2 inches Heavy Duty (3 mm) L Brackets Clamp - Right Angle Brace for Wood Furniture & Metal, Includes 24 Screws (2 x 2 Inches, Black Powder Coated)",₹199,https://www.amazon.in/Q1-Beads-Q1M20353-Wall-Hanger103/dp/B0DST5KYYF/ref=sr_1_42,"Sat, 3 Jan",No,4.1,9,N/A
"ELV Direct Metal Bookstand Holder Reader, Reading Stand, Portable, Book Holding Tray, Foldable, Adjustable Book Organizer (Black)",₹299,https://www.amazon.in/ELV-Direct-Bookstand-Adjustable-Organizer/dp/B0F32N185L/ref=sr_1_43,"Sun, 4 Jan",No,4.6,24,N/A
Lotey Outdoor D-12 Chairs Table Set 2+1 Wicker Patio Furniture Sets 2 Chair and 1 Table for Garden Balcony Bedroom Powder Coated Frame Uv Protected Wicker (Golden & Cream),"₹7,999",https://www.amazon.in/Lotey-Outdoor-Furniture-Balcony-Protected/dp/B0F171TWS6/ref=sr_1_44,"Fri, 2 Jan",No,4.2,82,N/A
"TARKAN Wall Mounted Metal Floating Shelves, Set of 3, Bathroom Storage Organiser and Kitchen Spice Rack (Black)",₹999,https://www.amazon.in/TARKAN-Mounted-Floating-Bathroom-Organiser/dp/B0FD8G75S8/ref=sr_1_45,"Fri, 2 Jan",No,4.0,1,N/A
"Amazon Basics Amazon Metal Basics 24 Pair Over-The-Door Shoe Organizer, White, Shoes",₹629,https://www.amazon.in/AmazonBasics-Over-Door-Organizer-White/dp/B07227PWVP/ref=sr_1_46,"Fri, 2 Jan",No,4.4,45,N/A
Q1 Beads Plastic 16 Pcs. 38 mm x 38 mm /1.5 inches Bush for Slotted Metal Rack/Furniture Leg -Floor Protector (Black),₹251,https://www.amazon.in/Q1-Beads-Plastic-Furniture-Protector/dp/B0FKHJNNXN/ref=sr_1_47,"Sat, 3 Jan",No,4.0,11,N/A
Nippon Paint Pylox 400ML Matt Black Spray Paint-Quick Drying & Low Odor Aerosol Paint for Wood Metal Plastic Glass-CFC-Free Multipurpose DIY Paint for Art Craft Furniture Home Decor Automotive,₹199,https://www.amazon.in/Nippon-Paint-Paint-Quick-Glass-CFC-Free-Multipurpose/dp/B0F8B65S86/ref=sr_1_48,"Fri, 2 Jan",No,4.0,562,N/A
"Miniature Furniture, Doll House Candelabra, Retro Miniature Furniture Holder for Dollhouse Decor, Miniature Models for Girls to Gift",₹259,https://www.amazon.in/Miniature-Furniture-Candelabra-Holder-Dollhouse/dp/B0FRMYVS9H/ref=sr_1_49,"Sat, 3 Jan",No,N/A,N/A,N/A
"Alloy Steel, Metal Single Seater Swing Chair Without Stand (Brown Swing & Beige Cushion)","₹6,999",https://www.amazon.in/BRIGHT-FURNITURE-Without-Cushion-Improvement/dp/B09MW9QPRM/ref=sr_1_50,"Fri, 2 Jan",No,3.6,46,N/A
"Kitchen Sink Caddy Organizer – Black Metal Sponge Holder Rack with Soap Dispenser Storage – Dish Brush, Scrubber, and Sponge Organizer for Countertop or Sink",₹255,https://www.amazon.in/BUNVOX-Kitchen-Sink-Caddy-Organizer/dp/B0FB3PSDYM/ref=sr_1_51,"Sat, 3 Jan",No,5.0,1,N/A
"iSTAR 5 Pcs Wall Mounted Self Adhesive Bathroom Shelf Set with Toothbrush Holder & Hooks | Rust-Proof Shower Caddy |Multipurpose Storage Rack for Toiletries, Kitchen & Living Room Organizer (Set of 5)",₹798,https://www.amazon.in/iSTAR-Toothbrush-Rust-Proof-Multipurpose-Toiletries/dp/B0FBWSP7DG/ref=sr_1_52,"Sat, 3 Jan",No,4.4,49,N/A
Nippon Paint Pylox 400ML Clear Lacquer Spray Paint-Quick Drying & Low Odor Aerosol Paint for Wood Metal Plastic Glass-CFC-Free Multipurpose DIY Paint for Art Craft Furniture Home Decor Automotive,₹199,https://www.amazon.in/Nippon-Paint-Paint-Quick-Glass-CFC-Free-Multipurpose/dp/B0F8B6S4MW/ref=sr_1_53,"Fri, 2 Jan",No,4.0,562,N/A
"Portronics Twister Metal Laptop Stand with Rotation Base, Angle & Height Adjustable, Improves Air Flow, Metal Alloy Build, 10 KG Max Weight for Laptops (Grey)","₹1,699",https://www.amazon.in/Portronics-Twister-Rotation-Adjustable-Improves/dp/B0DK1H61W4/ref=sr_1_54,"Fri, 2 Jan",No,4.0,63,N/A
"VOLO 3 Layer Shoe Rack Fittings – Black Shoe Drawer Hinges for Cabinets & Furniture, Space Saving 3 Tier Shoe Organizer Hardware for Modular Shoe Cabinets Wardrobes Storage (Pack of 2 Pieces)",₹673,https://www.amazon.in/Cabinet-Fitting-Furniture-Fittings-cabinets/dp/B0C1VBPCHS/ref=sr_1_55,"Sun, 4 Jan",No,3.7,135,N/A
"Hallstatt Self Adhesive Bathroom Shelf for Wall Shelf Organizer Wall Mounted Bathroom Shelves Rack Holder Stand for Bathroom Accessories Organiser Without Drill (Multi, Pack of 2)",₹673,https://www.amazon.in/Hallstatt-Pack-Bathroom-Shelf-Accessories/dp/B0F3CWPXFY/ref=sr_1_56,"Fri, 2 Jan",No,4.2,1,N/A
Amazon Brand - Solimo Petra Solid Sheesham Wood King Bed (Teak Finish),"₹15,129",https://www.amazon.in/dp/B08QT7FH84,"Tue, 6 Jan, 8 am - 5 pm",Yes,3.7,1,N/A
"Amazon Brand - Solimo 6 Layer Engineered Wood Bookshelf | Multipurpose Home Decor Storage Rack | Showcase Organizer for Living Room, Kitchen, Bedroom, Office |Brown","₹2,007.99",https://www.amazon.in/dp/B0D635L7G7,"Sun, 4 Jan",Yes,4.2,454,N/A
"DEVOKO 3 Piece Patio Rope Set Outdoor Woven Rope Conversation Balcony Furniture With Glass Top Table And Cushioned Chairs For Garden (Grey And White), (76 X 89 X 65Cm)","₹13,998",https://www.amazon.in/dp/B0BZP93T3Z,13 - 15 Jan,Yes,4.6,72,N/A
"JIALTO Corner Shelf for Bathroom, Self Adhesive Aluminium Bathroom Shelf for Wall Mounted Bathroom Organizer and Bathroom Accessories 2 Pcs Silver Kitchen Organizer",₹599,https://www.amazon.in/dp/B0CKPB34LW,2 - 17 Jan,Yes,3.8,2,N/A
